{
	"pattrstorage" : 	{
		"name" : "aumi_video_pattr",
		"slots" : 		{
			"1" : 			{
				"id" : 1,
				"name" : "Horizontal Guides",
				"data" : 				{
					"aumi_brightness" : [ 32 ],
					"aumi_contrast" : [ 48 ],
					"aumi_dot_color" : [ 1.0, 0.021277, 0.021277, 1.0, 1.0, 1.0, 0.510638 ],
					"aumi_dot_size" : [ 5 ],
					"aumi_guide_color" : [ 0.902462, 0.994493, 0.069337, 1.0, 0.183246, 0.988235, 0.531915 ],
					"aumi_guide_thickness" : [ 0 ],
					"aumi_orientation" : [ 0 ]
				}

			}
,
			"2" : 			{
				"id" : 2,
				"name" : "Vertical Guides",
				"data" : 				{
					"aumi_brightness" : [ 32 ],
					"aumi_contrast" : [ 48 ],
					"aumi_dot_color" : [ 1.0, 0.021277, 0.021277, 1.0, 1.0, 1.0, 0.510638 ],
					"aumi_dot_size" : [ 5 ],
					"aumi_guide_color" : [ 0.902462, 0.994493, 0.069337, 1.0, 0.183246, 0.988235, 0.531915 ],
					"aumi_guide_thickness" : [ 0 ],
					"aumi_orientation" : [ 1 ]
				}

			}
,
			"3" : 			{
				"id" : 3,
				"name" : "Big Blue Guides",
				"data" : 				{
					"aumi_brightness" : [ 32 ],
					"aumi_contrast" : [ 48 ],
					"aumi_dot_color" : [ 0.234043, 0.828882, 1.0, 1.0, 0.537234, 1.0, 0.617021 ],
					"aumi_dot_size" : [ 9 ],
					"aumi_guide_color" : [ 0.278179, 0.238548, 0.995494, 1.0, 0.675393, 0.988235, 0.617021 ],
					"aumi_guide_thickness" : [ 7 ],
					"aumi_orientation" : [ 0 ]
				}

			}
,
			"4" : 			{
				"id" : 4,
				"name" : "Giant Yellow Dot",
				"data" : 				{
					"aumi_brightness" : [ 43 ],
					"aumi_contrast" : [ 68 ],
					"aumi_dot_color" : [ 1.0, 0.942961, 0.234043, 1.0, 0.154255, 1.0, 0.617021 ],
					"aumi_dot_size" : [ 19 ],
					"aumi_guide_color" : [ 0.994994, 0.153943, 0.153943, 1.0, 1.0, 0.988235, 0.574468 ],
					"aumi_guide_thickness" : [ 10 ],
					"aumi_orientation" : [ 0 ]
				}

			}

		}

	}

}
